Income,Credit Score,Spending Score,Transaction Count,Savings Ratio,Loan Default Risk
28099.701361737003,300.0,100.0,23,0.17437596655991594,1
34807.186153743554,850.0,100.0,29,0.00019209658788915673,0
47118.50080332191,850.0,89.13527726928724,39,0.020588686104205597,0
33222.70124512716,300.0,100.0,19,0.13711936583910728,1
45671.72698775746,850.0,90.98429587499481,38,0.014987778174488847,0
27627.073067464273,300.0,100.0,14,0.15313762380868515,1
38057.16224071318,850.0,100.0,35,0.02743064479781987,0
39239.408135205784,850.0,100.0,40,0.044068622436517595,0
39183.221951103114,850.0,100.0,25,0.03456054736307078,0
52214.91768289663,850.0,100.0,30,0.03523261227143616,0
38154.930565586095,850.0,100.0,44,0.05435238101257014,0
47874.26971659166,850.0,80.69512362205192,33,0.04898929040843226,0
30762.10907219366,300.0,83.77427710255108,33,0.14019215208999602,1
31845.020939730013,300.0,100.0,34,0.14552114950921244,1
35211.380840396414,850.0,93.25893320500302,24,0.046802298399428455,0
45160.70744516611,850.0,91.93533581188113,40,0.028952894282999395,0
27314.20648582666,300.0,100.0,29,0.14239839291667133,1
28684.93798431617,300.0,100.0,33,0.16105546148593003,1
37007.133143711355,300.0,100.0,21,0.15293551503022623,1
41738.605793094815,850.0,86.2711142376653,28,0.019317429273487882,0
42267.27005724201,850.0,92.78024749443605,32,0.012430636725630648,0
42418.0068655345,850.0,100.0,36,0.0248923011832715,0
37285.017782075345,300.0,100.0,33,0.1729052213022658,1
40088.48621389007,850.0,97.85495160250161,37,0.020672931680327022,0
47214.51636499881,850.0,82.33141276355417,33,0.03891051735217044,0
23856.64363217212,300.0,100.0,24,0.12784261080796047,1
42870.23811915506,850.0,79.27345165027845,28,0.02045139327944523,0
39547.39551713618,850.0,100.0,21,0.05236771378468136,0
49727.65929179065,850.0,100.0,35,0.03233523267201119,0
20074.357034014614,300.0,100.0,31,0.1708396552310563,1
43631.38388909419,850.0,67.61722013279538,29,0.0321071812376027,0
42028.76053556257,850.0,100.0,31,0.04550077759718598,0
26293.460162359075,300.0,100.0,40,0.12882871406809754,1
26211.942729417766,300.0,100.0,24,0.1273635630972172,1
33862.64602988166,850.0,87.96447542366641,22,0.035917438077416416,0
47358.93717708385,850.0,96.02338398110385,35,0.052056841323747,0
31291.704922779965,300.0,100.0,29,0.16665055844660406,1
48276.29452421411,850.0,94.3219486025244,20,0.02806837922919693,0
40506.96806326977,850.0,100.0,40,0.011819787661903017,0
34219.923486299056,300.0,100.0,38,0.12842527382302926,1
25092.105201163256,300.0,100.0,36,0.12312666583768145,1
36902.92623036891,850.0,100.0,24,0.03177279562020134,0
24586.948421387457,300.0,100.0,37,0.11002981143160423,1
48225.44051257459,850.0,97.09533658462324,19,0.04239753157889562,0
47536.863660708215,850.0,100.0,23,0.040779606972613056,0
27291.215744943675,300.0,100.0,31,0.14980131626219442,1
20133.062662393262,300.0,100.0,29,0.12068278798788301,1
28046.757375008743,300.0,100.0,32,0.11168153885243301,1
43405.110113136994,850.0,85.57272506222222,31,0.02300352681967832,0
31916.135643251066,300.0,100.0,42,0.18889536657689038,1
19762.990902475398,300.0,100.0,54,0.17623325931845074,1
45602.32703988775,850.0,91.98928414731827,29,0.008435621888275166,0
46133.23460900526,850.0,99.81068738134296,39,0.007091479570068879,0
28458.084620098423,300.0,100.0,24,0.16499635332666251,1
32183.8995592004,300.0,100.0,28,0.1289294189917974,1
27313.094991972543,300.0,100.0,29,0.15598138977630266,1
24169.59392249034,300.0,100.0,23,0.14486389019027837,1
40836.1521758794,850.0,100.0,17,0.010980946756901602,0
44330.59867508206,850.0,84.06548242878455,31,0.03487822665511815,0
34468.1660107725,850.0,100.0,29,0.035403257483284614,0
34117.82859437417,300.0,100.0,25,0.14660362821407205,1
46682.95990000533,850.0,100.0,21,0.023335924094290708,0
43482.44031436162,850.0,100.0,26,0.04738394058995674,0
45659.77444324653,850.0,100.0,29,0.017975608320071543,0
39585.73995233847,850.0,100.0,35,0.04903742866060695,0
33411.464867949944,300.0,100.0,21,0.16662287723247615,1
43363.7885542971,850.0,87.79385825907747,25,0.030712429035247332,0
31140.860235103817,300.0,100.0,22,0.13735218909027713,1
41108.098108087506,850.0,72.1541292357322,21,0.01518668426479941,0
24430.95388537954,300.0,100.0,32,0.11625444114511231,1
56327.370768890316,850.0,94.48002449006951,22,0.007107033284623712,0
42156.66142927784,850.0,100.0,31,0.035277410646417914,0
34078.853289046696,300.0,100.0,25,0.14898263054038904,1
27778.307159460364,300.0,100.0,41,0.14911247741531466,1
44934.34534610692,850.0,93.13357031387271,38,0.04358497332330775,0
42786.51651329683,850.0,98.10154854104974,34,0.05499398033066758,0
39769.53302620713,850.0,87.37318917884006,43,0.03100126971741829,0
27914.07877264156,300.0,100.0,33,0.1471455127689719,1
23186.827138486384,300.0,100.0,38,0.13467042287883021,1
38596.62822486456,850.0,100.0,22,0.028348647917233183,0
36553.092724605696,300.0,100.0,19,0.12434720951091606,1
40674.04429557604,850.0,100.0,19,0.004791595908775675,0
32525.09684571505,300.0,99.26714713756446,25,0.15259384809685678,1
29989.163767948234,300.0,100.0,31,0.1251539907746431,1
39022.452485816684,850.0,100.0,26,0.030522559819503733,0
30658.927702884765,300.0,100.0,29,0.14301510117335886,1
24377.465544561128,300.0,100.0,19,0.1504847541855851,1
27741.33769413608,300.0,100.0,50,0.1468615159277277,1
32021.16090305551,300.0,100.0,23,0.1457635270418768,1
40438.00063309289,850.0,100.0,26,0.030211738869099974,0
31161.83745945064,300.0,100.0,21,0.16337842878339726,1
48650.22526688613,850.0,100.0,19,0.027203943149971085,0
40928.0418911034,850.0,90.8546333216265,32,0.03076478588321263,0
24743.784143790912,300.0,100.0,34,0.14703943147791435,1
25452.496892979667,300.0,100.0,28,0.13807576761952722,1
30253.73126313549,300.0,100.0,26,0.15205703551659844,1
44661.66452805966,850.0,66.76678986697294,22,0.029042414752663073,0
45005.768695949315,850.0,89.09190760581058,25,0.018243866543290063,0
51888.14987142632,850.0,78.18595917046503,38,0.04307866849793135,0
28720.011803939702,300.0,100.0,36,0.12446922587810316,1
36214.24501787732,300.0,100.0,17,0.13374779351526933,1
41105.64000134676,850.0,84.10992046645855,26,0.04431956579917822,0
24357.56009736118,300.0,100.0,18,0.1468151652232829,1
48572.777495464026,850.0,100.0,24,0.012533907538816044,0
30467.047489096,300.0,100.0,27,0.13313087004109925,1
50064.54448866829,850.0,96.27919874253175,40,0.032364252703201576,0
24314.0743897474,300.0,100.0,26,0.12123590533034698,1
25759.497680382756,300.0,100.0,26,0.14097216483953548,1
43675.67254416531,850.0,86.37743155763528,37,0.02857933173805617,0
31257.681554301078,300.0,100.0,37,0.1661405114771219,1
30250.2962232115,300.0,100.0,24,0.1201244462131143,1
38428.40921724504,300.0,100.0,21,0.14682793976626238,1
44334.50306937349,850.0,94.45147786627962,30,0.02899869806405997,0
48526.79733853915,850.0,88.73055321581325,22,0.029316924286992577,0
30015.93533614139,300.0,100.0,36,0.1464796187094321,1
34865.73119105599,300.0,100.0,20,0.13856980599827423,1
24605.161827751024,300.0,100.0,32,0.13305924506300387,1
28801.574976917174,300.0,100.0,17,0.12481380422216101,1
25741.903353898495,300.0,100.0,40,0.12849798083411032,1
25506.906937194286,300.0,100.0,17,0.14881842308029797,1
43931.155717039735,850.0,97.85372783717179,34,0.018930417839985225,0
45547.387598491565,850.0,100.0,47,0.019413937598962566,0
33370.53781108606,300.0,100.0,42,0.14733415974318087,1
22956.284056494635,300.0,100.0,39,0.14731103009982252,1
46285.80467801865,850.0,95.0407891277186,32,0.0340612232851733,0
50713.97157718634,850.0,89.36115358071044,17,0.0515118137009685,0
34735.33621248395,300.0,100.0,31,0.15772928574994252,1
44702.97562671847,850.0,100.0,47,0.03033944613298352,0
28776.843609286676,300.0,100.0,36,0.1663567289740679,1
46777.56755641738,850.0,76.43029405891434,16,0.03882359799217546,0
48969.34784917142,850.0,100.0,32,0.03805502637579406,0
30564.96759057066,300.0,100.0,40,0.15402124698769562,1
45980.87952605378,850.0,100.0,25,0.028065399982319383,0
26624.232547130978,300.0,100.0,36,0.1250415736632713,1
27748.539011310724,300.0,100.0,15,0.16138905043199914,1
35263.56097730449,850.0,83.75008943253815,46,0.028565440902002248,0
38023.74714866262,850.0,99.0972006295832,40,0.044978477178522,0
27672.971965374032,300.0,98.76609192307285,20,0.14325564263670365,1
25406.53911413289,300.0,100.0,31,0.1370642645470521,1
36353.39311338864,300.0,100.0,33,0.1422672355888611,1
38609.797120026284,850.0,87.7642209687144,30,0.06960499616251922,0
42890.20918597677,850.0,80.98366124839164,39,0.018211105365269792,0
23062.793433563424,300.0,91.73483154021267,34,0.15489298780404395,1
43336.62815504689,850.0,98.40190193401526,28,0.041825358238816154,0
44784.99245430687,850.0,100.0,33,0.04072455011691385,0
28389.428116616058,300.0,100.0,32,0.16641877458659338,1
30927.20904677973,300.0,100.0,38,0.14906051732521822,1
34662.97832426506,300.0,100.0,44,0.14791009968456809,1
23286.578268190267,300.0,100.0,30,0.13892811628396676,1
30383.402660966403,300.0,100.0,20,0.13307276894182743,1
21117.101107745042,300.0,100.0,44,0.14006304719485485,1
26051.26656373755,300.0,100.0,30,0.15766999296265805,1
27692.048789368637,300.0,100.0,34,0.1464396936798566,1
42457.22207249246,850.0,89.60036762237189,35,0.04553330621704496,0
39987.403431577375,850.0,99.4426336750505,18,0.05441630610843823,0
38751.44553766238,850.0,100.0,36,0.01915604382828215,0
45435.85635786949,850.0,93.74457994987027,23,0.010513939668269398,0
44155.661695155824,850.0,78.25417308191294,42,0.03748901322897798,0
42253.471548774716,850.0,85.02135834177997,28,0.01734023092446274,0
40106.509533278324,850.0,98.65469515942414,32,0.059346290676725595,0
30688.430952966068,300.0,100.0,31,0.13161178480493563,1
38329.3759619846,850.0,75.19307090870632,29,0.017645113466515455,0
30674.538497640842,300.0,89.66176065511246,14,0.13251153789135145,1
30115.940347022854,300.0,100.0,13,0.14429166551748995,1
32866.74173774615,300.0,100.0,14,0.1255517292789425,1
33632.84679131236,300.0,100.0,31,0.1364181179691056,1
48968.75114645142,850.0,100.0,27,0.02700732556104979,0
33658.52373224205,300.0,100.0,25,0.13817128572880388,1
49517.26526239628,850.0,88.07079546188304,43,0.009483519582243652,0
46245.615615874136,850.0,94.91544356441388,36,0.026849609925657533,0
38388.37065165456,850.0,100.0,33,0.016540399416509047,0
31498.816468286204,300.0,100.0,24,0.16575732554584868,1
50553.8566597716,850.0,90.58326496324125,32,0.03622057993829268,0
26962.406478196095,300.0,100.0,23,0.1271515144878604,1
36061.0402928812,850.0,98.06262720792901,21,0.03683919836367239,0
34637.07702387566,300.0,100.0,23,0.13594439707393585,1
23552.144821414175,300.0,100.0,13,0.16463174708612682,1
37520.00586349156,300.0,100.0,26,0.1289191197609045,1
42538.504007123134,850.0,100.0,28,0.03749671474709272,0
24670.471365078196,300.0,100.0,24,0.12217276559546068,1
45384.788859504086,850.0,100.0,20,0.009238104885339993,0
36636.66336504044,850.0,86.62843495540358,25,0.0399991883698137,0
34722.354957153955,300.0,100.0,27,0.14429493631136622,1
36027.15653125386,305.27765145800913,100.0,37,0.16173665429217232,1
23961.032342528273,300.0,100.0,23,0.11133719759337952,1
41086.58024746607,850.0,99.5981939728751,29,0.018947398622464445,0
44268.519645426066,850.0,100.0,30,0.03345825451041547,0
45919.76838357285,850.0,94.89647721508172,28,0.018033989287138882,0
32503.770880998854,300.0,100.0,31,0.1745578626915011,1
38386.2987909963,850.0,100.0,28,0.03221665115880616,0
25149.487875741244,300.0,100.0,26,0.1467753243826611,1
39729.60222112498,850.0,97.24853723573761,33,0.03014624641760094,0
24332.33214249065,300.0,100.0,29,0.15989907740611403,1
42920.83827373614,850.0,73.13883689628902,30,0.01526917238259573,0
24793.253500835828,300.0,100.0,29,0.12687996185354938,1
27787.194247695857,300.0,100.0,39,0.132659901258393,1
38697.463897240596,300.0,100.0,19,0.15307242083371042,1
25503.837827097064,300.0,100.0,26,0.1535821722576456,1
36321.452987972356,850.0,78.84709297139062,16,0.03932566901155913,0
42007.76071017104,850.0,93.76097229579995,42,0.031517025412926725,0
28861.677061664177,300.0,100.0,27,0.09800969226938447,1
46450.611414466475,850.0,92.17887500550782,30,0.038942816354048795,0
25199.13270547071,300.0,100.0,28,0.14905750336965884,1
51578.635117375125,850.0,93.5482028372586,27,0.028497852862051185,0
29749.810867536944,300.0,100.0,33,0.16332410105008618,1
31730.711876668232,300.0,100.0,33,0.16070306800313763,1
40997.927471151794,850.0,74.44606414029923,32,0.035119557171185645,0
46608.60091208675,850.0,86.33948522613134,40,0.027453030369503015,0
35344.844425156,850.0,100.0,33,0.01669908594154912,0
37906.00184272385,850.0,78.03968436084716,30,0.01965412962260768,0
23217.0731407523,300.0,100.0,33,0.14163880102956322,1
44947.64157645223,850.0,97.97942095447041,19,0.022183213429219098,0
37854.26567820302,300.0,100.0,33,0.11840495572513361,1
28212.37014918052,300.0,100.0,30,0.10832500996799607,1
40477.637000479954,850.0,93.80459746342967,42,0.010625210944516975,0
42276.76085667937,850.0,100.0,34,0.03027086283349764,0
26365.27087858959,300.0,100.0,35,0.15169368467642658,1
36866.582626637806,850.0,100.0,23,0.033509604677670224,0
34760.02652409304,300.0,95.08693856435892,34,0.13208407972682465,1
26950.746013617696,300.0,100.0,36,0.1408931879492475,1
42398.504098514364,850.0,100.0,25,0.023862136450713972,0
31996.240125413082,300.0,100.0,31,0.15675659238814862,1
36325.60643043935,850.0,100.0,27,0.03335455509862108,0
31274.375919753194,300.0,100.0,24,0.13728628512107352,1
22702.172216043404,300.0,100.0,22,0.15672151560630648,1
40463.455865364376,850.0,100.0,22,0.03319827320069045,0
41808.19549249774,850.0,72.47824235327909,33,0.023213215493558634,0
21981.992488807704,300.0,100.0,26,0.15122171248722144,1
40540.54712051408,850.0,75.30402640720351,29,0.008632922478022262,0
43598.30805897438,850.0,100.0,34,0.02845577880768148,0
39299.85377992891,850.0,100.0,30,0.039285067975182844,0
23753.94302616343,300.0,100.0,20,0.13835925980284353,1
30880.776885129846,300.0,100.0,42,0.12743191236006812,1
38713.34539117284,850.0,78.58481207683832,32,0.04071038130246878,0
24447.3579454562,300.0,100.0,23,0.1629819528779133,1
27307.127496538313,300.0,100.0,25,0.1354195482270576,1
31808.662805703723,300.0,100.0,26,0.1529629856829062,1
41005.30123608647,850.0,90.27765776695773,14,0.016082433424726247,0
42007.90924264552,850.0,87.65740849810729,11,0.02918954065569275,0
46130.286665617066,850.0,83.96386319844993,25,0.04241313216533624,0
25003.465306876056,300.0,100.0,24,0.15629785893756076,1
28421.564272740325,300.0,100.0,22,0.14350853160272012,1
47700.85949257861,850.0,99.9743231033028,37,0.038720140637584985,0
40392.16833166906,850.0,91.76120651025143,31,0.02402249876353514,0
32783.48116457381,300.0,100.0,39,0.12162285459701434,1
29928.085117846564,300.0,100.0,19,0.15160856063986194,1
42122.13974428414,850.0,100.0,32,0.019926862337059537,0
39071.55391312395,850.0,82.92176863541545,30,0.031066943138824257,0
35706.73737358792,300.0,100.0,40,0.1520830646472945,1
40540.80723949777,850.0,72.42692308402479,33,0.06156837243779009,0
31247.916094280692,300.0,100.0,37,0.1503676801043874,1
44720.990127204954,850.0,97.53811738102232,35,0.03843746237869716,0
18440.906902763723,300.0,100.0,38,0.11812979508512515,1
34739.33414888682,300.0,100.0,26,0.14210062075931112,1
20019.52517931876,300.0,100.0,27,0.12597585013915044,1
41306.71747464858,850.0,95.32476947107006,29,0.042118171243042006,0
44099.769243556104,850.0,100.0,41,0.03066633750183803,0
33129.61021713181,300.0,79.5213893077329,34,0.12330970521004946,1
38835.21138345758,850.0,100.0,33,0.05222770698268374,0
33966.36417765358,300.0,100.0,31,0.14197306120848344,1
29799.187915539667,300.0,96.33863236696838,27,0.13975858136508656,1
45707.69702883455,850.0,85.0468620337391,19,0.053723732867819604,0
42495.41768573283,850.0,75.1682272315248,26,0.026063010340585765,0
40996.88090653362,850.0,100.0,23,0.021331980752358454,0
49350.515049698144,850.0,100.0,37,0.025729437145344022,0
39902.10167681916,850.0,100.0,36,0.03209818363728992,0
32425.789017165425,300.0,100.0,23,0.12831430172495722,1
34937.79924915919,300.0,100.0,34,0.17616909684078091,1
37563.05819487336,850.0,79.81321833499197,28,0.026583213825701182,0
26831.381773089517,300.0,83.86297330937535,49,0.14957990698262225,1
46748.79129472284,850.0,94.83205008421893,28,0.03225451053518502,0
47901.697480129355,850.0,100.0,26,0.03163490043250956,0
35083.187118896116,300.0,100.0,29,0.14668387848269088,1
32885.82471176589,300.0,100.0,24,0.1377175134476964,1
32378.7718374181,300.0,100.0,22,0.12620346228631893,1
31088.580544198696,300.0,100.0,21,0.13782306673276631,1
40191.16284167166,850.0,99.87953742264556,19,0.010091771472838976,0
45032.83098717549,850.0,90.7118722474687,28,0.022478514379257644,0
30872.32355379019,300.0,100.0,24,0.172361696995998,1
42599.839823428825,850.0,100.0,25,0.032645539742602064,0
35818.769024832465,850.0,100.0,26,0.04069545608008158,0
28722.25258312659,300.0,100.0,13,0.13367251110660397,1
27342.660446821486,300.0,93.70138201874579,30,0.17224565616136525,1
47734.237287847274,850.0,100.0,28,0.03340443338498715,0
28374.773087361846,300.0,100.0,44,0.11429822451979166,1
33992.03017447113,300.0,100.0,22,0.15129833124182201,1
46208.918305290856,850.0,97.4722819205719,26,0.03838842547468318,0
30029.61683780177,300.0,100.0,36,0.1558467120062834,1
33616.08461675081,300.0,100.0,32,0.12894965500146302,1
49967.04213092334,850.0,68.78567489230633,20,0.021831449423052124,0
34592.444819079596,300.0,100.0,36,0.1478797268428001,1
34121.203683064334,300.0,100.0,23,0.13093120410447334,1
30328.955494725455,300.0,100.0,14,0.16748496530562573,1
30356.684351481108,300.0,100.0,34,0.13276609421226573,1
42885.33062525151,850.0,93.10371004471833,32,0.05337213875961004,0
44280.10988028699,850.0,90.38048128399348,31,0.031392614100214225,0
45576.092254445124,850.0,100.0,32,0.027687611083742472,0
41419.31776486033,850.0,100.0,29,0.026406015239664654,0
45331.78826678327,850.0,97.29777781627594,31,0.05161360702606707,0
43764.46587424996,850.0,100.0,21,0.03283212367513515,0
38779.33669825905,850.0,100.0,36,0.05965562282829652,0
47603.07780418745,850.0,81.17237548486298,23,0.01234006020476805,0
28850.59498385133,300.0,100.0,24,0.10876568998453079,1
28707.60061430572,300.0,100.0,27,0.11150266264803395,1
43086.816120714066,850.0,99.16899295025465,19,0.01662951751082753,0
46789.12584822518,850.0,84.88857491896027,36,0.033953858174562576,0
22390.8888752853,300.0,100.0,28,0.1379920538711474,1
36448.68103208713,850.0,87.3108760508976,42,0.06109145838600908,0
32350.833574171153,300.0,100.0,26,0.12988446317154353,1
37028.78078805676,850.0,100.0,39,0.02800208502453419,0
43360.32781416693,850.0,91.65769552187527,34,0.04926199464601955,0
20757.288742239252,300.0,100.0,36,0.1428115378200901,1
29429.953722945374,300.0,100.0,41,0.14927639688712302,1
28946.994111519092,300.0,100.0,27,0.1530072388715007,1
38614.1172619051,300.0,100.0,23,0.14994720525434282,1
41687.81297027899,850.0,90.85588442978064,28,0.043594435660109905,0
46489.09515318864,850.0,100.0,29,0.016894636797537638,0
43517.54876806626,850.0,85.68351709188549,43,0.03831122190216412,0
33641.19296693355,300.0,97.67715535258625,23,0.16505784708683208,1
41478.06834860826,850.0,99.52453048149431,14,0.027496067350678347,0
32819.44976203219,300.0,100.0,32,0.1132697761777668,1
45233.238008128625,850.0,92.53814030093083,17,0.03719207492756649,0
41715.759947210194,850.0,66.7092912066442,35,0.015112582702390215,0
42322.87217294167,850.0,94.47072569069705,15,0.022972854472372878,0
43013.7374735453,850.0,100.0,21,0.008192015527452967,0
47224.662771638985,850.0,95.57537835303671,32,0.039020564514177375,0
37961.057112300914,300.0,100.0,37,0.1227906755391747,1
44636.94867365696,850.0,84.54167153060133,33,0.05943409553561281,0
34234.55909498769,850.0,100.0,28,0.04549684629653138,0
20281.646628621307,300.0,100.0,31,0.1382296698485253,1
43302.88799522842,850.0,100.0,45,0.04932922154738444,0
35782.54535947363,300.0,100.0,15,0.15150628417591328,1
29019.176000705924,306.0242754274351,100.0,33,0.16395121218413344,1
31523.021829128087,300.0,100.0,26,0.1588595958423903,1
47000.724772306734,850.0,100.0,21,0.03915079075721655,0
35262.291741899135,300.0,100.0,27,0.148953333585354,1
30346.53173757412,300.0,100.0,36,0.12317676159220285,1
19953.308175332953,300.0,100.0,27,0.1398949030266132,1
41979.16301317551,850.0,90.8486229140491,27,0.05518343564605806,0
36160.68340774313,850.0,77.74083983141173,24,0.020427619104949335,0
35660.692364084025,850.0,72.63674921719867,31,0.03883460343693631,0
32882.60302744074,300.0,100.0,34,0.148286122676683,1
27035.737822678086,300.0,100.0,24,0.13896290311247236,1
40359.77239413447,850.0,89.44752297009407,26,0.03483316216197782,0
31636.516210723552,300.0,100.0,39,0.14480312601869233,1
35357.04897169715,850.0,89.15287258702942,30,0.05538703751231867,0
39251.48717984337,850.0,100.0,25,0.03479479559651796,0
33738.628244739986,300.0,100.0,26,0.14439984426549018,1
49180.67474666653,850.0,91.34249879551042,25,0.02666668279116538,0
45493.43747486884,850.0,85.11924838619873,27,0.019263340236434973,0
19973.13077037214,300.0,100.0,40,0.14335188436761329,1
43510.561206575825,850.0,87.15336724168884,27,0.0264380016371438,0
36257.706416649766,850.0,100.0,28,0.053002638038302824,0
27612.109997816948,300.0,100.0,24,0.16679463565979757,1
27874.265357515695,300.0,100.0,37,0.14893113787547418,1
45664.94030796742,850.0,100.0,27,0.04228588530179985,0
24514.615146552598,300.0,100.0,25,0.15512251171918295,1
38748.25113792251,850.0,80.31670318249691,7,0.037752125150852314,0
41289.39839940454,850.0,100.0,21,0.04791855350852039,0
40432.78929023819,850.0,100.0,32,0.040536835249138335,0
27334.613359191,300.0,100.0,32,0.13065017142347699,1
42616.4258016377,850.0,100.0,24,0.06140453680138665,0
29330.3253016396,300.0,100.0,24,0.1428444489054125,1
37507.25740305932,850.0,100.0,48,0.031112664415388902,0
29570.878279443823,300.4161384241478,100.0,23,0.15307496228280199,1
25225.581918484735,300.0,100.0,37,0.15539133221834528,1
28914.867814595284,300.0,85.25153787669174,35,0.1435071841141386,1
36415.49856973138,850.0,100.0,22,0.021037553530614525,0
31241.597121668034,300.0,100.0,32,0.16238249627311768,1
30232.904966398593,300.0,100.0,23,0.13204027466128168,1
42690.75445659347,850.0,100.0,29,0.027619507385491168,0
24104.663239466452,300.0,100.0,25,0.1290555790934636,1
32995.83407248148,300.0,100.0,26,0.11467986796975888,1
25353.24090408274,300.0,100.0,13,0.13918265592701123,1
39547.29942601071,850.0,74.65411006680306,22,0.016144367507264834,0
28358.534184669967,311.5982768471663,100.0,27,0.17148781509228012,1
25690.480892749616,300.0,100.0,40,0.17042002809137302,1
33324.83146383232,300.0,100.0,22,0.13277453208779866,1
40993.62398997132,850.0,88.23707833056812,28,0.03181751571942312,0
29446.886789813274,300.0,100.0,29,0.15965128427895517,1
44643.53299943608,850.0,100.0,33,0.03011129439863422,0
46848.90215416203,850.0,72.84541756392417,24,0.027490948555214736,0
41117.44050068995,850.0,85.60112523636039,26,0.04706056148177104,0
46964.80617250757,850.0,100.0,29,0.017648200177535378,0
46809.86315641884,850.0,88.03641158716351,19,0.029879497363218474,0
40839.63360886328,850.0,100.0,41,0.023360827681188273,0
49513.30358200478,850.0,100.0,30,0.026718617831499286,0
43325.524405536096,850.0,55.850303967292454,34,0.02139259284157595,0
25027.374676391406,300.0,100.0,31,0.13281654651575006,1
39602.577201710825,850.0,87.05168046590956,25,0.021642921178889538,0
34668.434657795355,300.0,100.0,33,0.12508013331166273,1
25941.007191510867,300.0,100.0,16,0.12318785809022265,1
41752.683746006325,850.0,81.36084789271388,29,0.02687384850468523,0
35480.49268376946,850.0,100.0,23,0.018158781869366883,0
37207.78137014546,835.2946404137924,95.98606478652147,43,0.05612261630670535,0
28543.150408558333,300.0,100.0,42,0.11704407969766883,1
40272.584732803516,850.0,98.51208206594907,16,0.03605124380125903,0
30753.444776019645,850.0,100.0,32,0.04974046096581962,0
45219.07332529234,850.0,98.15869911191274,39,0.022330157255949862,0
44018.689433899825,850.0,100.0,26,0.021049898083897928,0
45036.35989188667,850.0,100.0,39,0.03415154563400935,0
24611.686680510134,300.0,100.0,35,0.15820201155362978,1
23282.169380628737,300.0,97.96521549659123,31,0.14106955643857397,1
24273.754459139505,338.9593628365811,100.0,34,0.14269506847846528,1
28126.70235194029,300.0,100.0,44,0.16600389928964004,1
41020.34785605214,850.0,100.0,34,0.038042044669711415,0
31085.128861488556,300.0,100.0,21,0.15853315045801264,1
32319.60551284884,300.0,100.0,38,0.13277783356749218,1
32612.392247606964,300.0,100.0,33,0.14200758685081963,1
30054.89271535079,300.0,100.0,29,0.15991875900547484,1
49225.82618869615,850.0,91.16900634616313,27,0.026379202320226572,0
44790.121719218965,850.0,100.0,38,0.04551375454088534,0
26101.714727330418,300.0,100.0,24,0.14150884077700077,1
44747.02284709157,850.0,100.0,32,0.023569273702874816,0
33237.03378041291,300.0,99.58028192212208,24,0.1405049226052934,1
42777.756928215065,850.0,100.0,23,0.021550480603725372,0
35723.51401766206,300.0,100.0,26,0.1451928398658152,1
44247.44177154409,850.0,100.0,45,0.04427059863996269,0
44230.5387750184,850.0,100.0,38,0.027762866927466892,0
38343.644436277566,850.0,100.0,34,0.036312566334494756,0
33658.38278760458,300.0,100.0,34,0.147759057339469,1
33396.46910616425,300.0,100.0,21,0.13859214254999633,1
30760.56025066514,300.0,100.0,31,0.15573417427072134,1
32739.618765455056,300.0,100.0,14,0.13681004849115946,1
45399.43254725438,850.0,100.0,22,0.025444159009202022,0
33558.747545706974,300.0,100.0,41,0.1278697017731078,1
43303.25949423712,850.0,100.0,20,0.011396878892223156,0
44730.4294435957,850.0,100.0,27,0.01131301279725673,0
46295.61656743636,850.0,86.0051444333712,36,0.03581322090163644,0
41368.16060882883,850.0,83.05607191789817,23,0.03004720244727574,0
34469.96188249541,300.0,100.0,25,0.13367984993824888,1
39535.599223980986,850.0,68.05567739809806,26,0.0,0
32488.084270550156,300.0,100.0,23,0.16035879913865908,1
31218.166324792248,300.0,100.0,35,0.1455987704567971,1
30257.079157112614,300.0,100.0,17,0.14916329653045166,1
40160.00600282663,850.0,95.45860190318344,37,0.016417837393454135,0
36690.919862226416,300.0,100.0,28,0.17263311063166237,1
28034.620311026007,300.0,100.0,29,0.12648778457099885,1
34177.4187400785,300.0,100.0,20,0.15020037022684424,1
40026.995660739805,850.0,97.99524177765946,27,0.05376362291722763,0
43158.0040549935,850.0,100.0,29,0.031064223271408092,0
25832.780375112234,300.0,100.0,25,0.14468035103325375,1
25127.87609599257,300.0,92.69192161214798,30,0.13787843788941348,1
32158.986176549377,300.0,100.0,38,0.17179857224472056,1
42026.115743834525,850.0,80.34751686738872,18,0.020825107040268645,0
22377.866099406976,300.0,100.0,43,0.1542610955440577,1
45593.06223445472,850.0,100.0,34,0.04145726793649447,0
26727.586779792196,300.0,100.0,47,0.13087386401507148,1
24889.557072053383,300.0,100.0,18,0.1233552751759019,1
30548.878442577523,300.0,100.0,33,0.11237393922937275,1
27295.797357717278,300.0,100.0,24,0.1577672377290743,1
34072.977349718974,850.0,86.12934097588095,35,0.0016521708228097731,0
44508.08021396555,850.0,100.0,28,0.045989678023685254,0
32448.26221773756,300.0,100.0,14,0.16324369064623745,1
36698.94212199318,850.0,88.99243961486133,18,0.02478200067399862,0
42706.1636169746,850.0,95.18803966065228,30,0.0012307178205056973,0
26435.4502354337,300.0,100.0,33,0.13758482925956295,1
29820.852109884094,300.0,96.51785293800253,13,0.14501477928662804,1
22713.509046278603,300.0,100.0,37,0.1452595863900251,1
31417.433040940745,300.0,100.0,36,0.1428719149781495,1
47479.50481829641,850.0,100.0,25,0.005593358724593114,0
38661.83539953393,850.0,89.70106408127569,36,0.03441513425044036,0
30834.866497966043,300.0,100.0,30,0.1277331461683153,1
29259.31994344092,300.0,100.0,35,0.117376213748052,1
38093.59689687475,850.0,94.02084476687646,29,0.017204708702389368,0
26934.882867304837,300.0,93.79584377989835,32,0.11814247398877827,1
50007.623080905665,850.0,100.0,21,0.025397232551371288,0
34410.35520433638,300.0,100.0,30,0.16006437108578933,1
43480.020734132726,850.0,98.27715590199962,26,0.033038190633971565,0
40551.44231607836,850.0,71.57593828429447,36,0.03230349759631336,0
46368.3055046073,850.0,91.38126982466679,26,0.021403789599881623,0
44918.607826516694,850.0,100.0,8,0.04843521359406886,0
30863.4650977742,300.0,94.61811578682617,23,0.13541043255788443,1
47195.394349778755,850.0,100.0,31,0.062332641177866285,0
46901.857923986376,850.0,95.65683271749452,34,0.014362897765052826,0
32165.00334243178,300.0,100.0,27,0.1274991750492134,1
19596.1228404065,300.0,100.0,19,0.1178606897123954,1
20773.661603117278,300.0,100.0,40,0.15227275209367588,1
31849.92164400708,300.0,99.31388978253705,33,0.13294570390671845,1
47213.795215577025,850.0,100.0,33,0.03397626994391041,0
43641.15838858842,850.0,100.0,17,0.030212531108777557,0
27365.973125093988,300.0,100.0,33,0.1445738995436772,1
30750.3847138191,300.0,100.0,23,0.15840318932267053,1
24303.94807059397,300.0,92.00374860715222,34,0.1333915110867075,1
44193.25098866998,850.0,100.0,32,0.06803323018715071,0
44135.79699573317,850.0,100.0,18,0.014302216054840222,0
23917.025010787533,300.0,100.0,28,0.13027764305683365,1
29070.82442318392,300.0,100.0,29,0.144835213306767,1
40492.20694070532,850.0,100.0,19,0.0486511843708117,0
28890.128651731146,300.0,100.0,31,0.14851858993394365,1
42911.94957431149,850.0,96.76644097616516,33,0.05297088220541293,0
30174.45356264203,300.0,100.0,27,0.145472500114548,1
31578.110283487225,300.0,100.0,31,0.144757529013151,1
43617.30092569721,850.0,90.220633870444,26,0.024715355271192993,0
27780.848784828024,300.0,100.0,21,0.16044556970110754,1
30765.373167271733,300.0,100.0,35,0.15047084647798104,1
41595.31986925469,850.0,100.0,7,0.04104223973643372,0
34123.94960464961,300.0,100.0,33,0.13061717260255915,1
40415.473976203524,850.0,100.0,22,0.0357306065857793,0
30842.4605302507,300.0,100.0,26,0.12466347547360372,1
35439.68462511238,300.0,100.0,32,0.1504253910562993,1
19587.599898750148,300.0,100.0,28,0.16098362314444728,1
31486.507776467486,300.0,100.0,9,0.13216624727375192,1
25011.96596500528,300.0,100.0,22,0.1470169783183956,1
32148.495751335067,300.0,100.0,26,0.13023303669017847,1
28502.407243182006,300.0,100.0,30,0.09674747599569825,1
37407.706417999056,850.0,98.33710609190943,30,0.04209022744696768,0
29127.818041811253,300.0,100.0,22,0.13976435459851744,1
31131.75906214529,300.0,100.0,36,0.1408810578070975,1
47426.725488335316,850.0,77.95554444549475,33,0.024224071236786507,0
35610.28085350459,300.0,100.0,19,0.14109625619989963,1
44603.57306870007,850.0,100.0,23,0.026372805345402164,0
30622.535040377774,300.0,100.0,33,0.14081770576394592,1
45135.57073267795,850.0,87.7947617688275,30,0.05443903036091512,0
32139.592841724178,850.0,78.08810197356863,26,0.028987023306225226,0
48239.804208358706,850.0,79.72691900822554,31,0.03867705431593909,0
43569.510342812144,850.0,77.1942223822176,36,0.040956745757867216,0
33478.92746019289,300.0,100.0,25,0.16769728583700905,1
16583.817252487737,300.0,100.0,33,0.13829181661492723,1
41476.76582470578,850.0,100.0,35,0.04411083041388349,0
45403.66776171784,850.0,100.0,24,0.027651448987387167,0
27570.112598906442,300.0,100.0,32,0.14094112010737103,1
32307.061349169766,300.0,100.0,33,0.1287670419980711,1
27993.63175647554,300.0,75.6788431168162,31,0.1342873743575537,1
42586.6550232826,850.0,96.19122217086746,24,0.023806885752490722,0
33377.963635661625,300.0,100.0,35,0.17583929310729174,1
31960.574576550167,300.0,100.0,40,0.13435273814043683,1
43932.02389858897,850.0,100.0,26,0.03422112292657989,0
25011.562781282515,300.0,100.0,30,0.14621923164950268,1
32420.70715805149,300.0,100.0,23,0.1431128198753473,1
44877.682549004225,850.0,91.58877397892314,43,0.03465478947635833,0
30607.7842990132,300.0,100.0,30,0.12941929997530716,1
36164.077348276485,850.0,100.0,22,0.022709262144445727,0
40203.597891307225,850.0,100.0,26,0.02106810690106313,0
27053.98713712704,300.0,100.0,38,0.09905191893824841,1
32604.780351627276,300.0,100.0,38,0.143628963017926,1
29120.690612536062,300.0,100.0,37,0.14912698942427227,1
39848.55865728152,850.0,100.0,28,0.05531391172878719,0
48221.95282938504,850.0,85.17149031393271,41,0.032938847602880184,0
36582.71533480575,824.2508947233541,99.15653153358645,43,0.04978792338257887,0
28802.874159723255,300.0,100.0,28,0.1267651486709289,1
34678.181138491986,300.0,100.0,26,0.15715583032490293,1
42071.3669530342,850.0,100.0,32,0.017105531293576975,0
34699.97701097015,300.0,100.0,30,0.1280452999343026,1
34479.34858279931,850.0,80.95821573954994,19,0.00836834029521892,0
42589.8168567905,850.0,85.51263116497903,31,0.01987298410318747,0
30003.390684627448,300.0,100.0,34,0.12961540795868007,1
42504.19134466854,850.0,100.0,33,0.038584010808379296,0
26832.661361684346,300.0,100.0,38,0.13752634473878195,1
32708.506916589817,300.0,100.0,27,0.14716543228824341,1
45280.94630757645,850.0,96.2150867695773,23,0.03234079646139319,0
38994.45762563551,850.0,81.82393734416172,19,0.021802969719637827,0
24995.824481816122,300.0,100.0,33,0.09879511561564322,1
40288.271165610786,850.0,100.0,15,0.041497630944105,0
46844.47641013635,850.0,100.0,22,0.0414944999884639,0
34408.03157320928,332.08666631949393,100.0,23,0.11838010768340697,1
34604.013251269935,850.0,71.4614085417459,37,0.048104305140901055,0
43924.64065236315,850.0,100.0,41,0.02957232586163444,0
30373.359747786133,300.0,100.0,42,0.14464944750555114,1
32832.75401773263,300.0,100.0,25,0.1306199820723527,1
28276.677934786203,300.0,100.0,28,0.14479591585532173,1
23949.99835282976,300.0,100.0,27,0.14021371267570987,1
33050.38306057184,300.0,100.0,30,0.1393608707272352,1
22462.51870066747,300.0,100.0,31,0.11395761180699791,1
39403.47801485166,850.0,92.1822839689917,43,0.04081637100749245,0
35899.41086236361,300.0,95.60676256061917,36,0.13276613079287497,1
35817.30507135817,850.0,96.1691406246861,34,0.0329974336146996,0
33972.66240679014,300.0,100.0,29,0.11788186410901719,1
41995.639536473136,850.0,73.85423343635372,31,0.0382191256649688,0
36204.19924238937,300.0,100.0,37,0.1380661862509249,1
44681.79441321388,850.0,100.0,38,0.03391905146904291,0
34736.10409861838,300.0,100.0,32,0.11194113681858694,1
39321.86346361547,850.0,73.5509847905244,25,0.03686190621445512,0
27484.85734490258,300.0,100.0,32,0.16087595246843084,1
45691.62305032735,850.0,100.0,30,0.041296646627989604,0
34810.780911771464,850.0,100.0,31,0.045944092847670016,0
35338.5549472892,300.0,100.0,33,0.1347281609059242,1
23036.31690955607,300.0,100.0,39,0.14068445541871863,1
29947.77633026188,300.0,100.0,23,0.13130930406371663,1
28919.052611179093,328.5162162017156,100.0,34,0.12246994931113406,1
24271.902212953293,300.0,100.0,24,0.15504484702064808,1
47822.981520825735,850.0,87.83759395603886,23,0.03827496143428336,0
47830.31536738029,850.0,74.12531883553245,10,0.045218526757076404,0
31871.29903550544,300.0,100.0,31,0.12434930430491649,1
34072.99235401298,850.0,94.57257573653176,41,0.04066590335680897,0
42749.96645515762,850.0,100.0,31,0.025698310502237476,0
30180.92585786862,300.0,100.0,21,0.14892792001550986,1
37022.834231910696,850.0,97.10976843202722,23,0.025435394925039934,0
54081.09915028619,850.0,100.0,42,0.022899904462867382,0
39162.5223891878,850.0,100.0,34,0.014819036618398632,0
47171.13107765257,850.0,100.0,34,0.02581434672668141,0
44469.594557499775,850.0,82.49483128860976,29,0.0,0
26580.283673970524,300.0,95.03507864637058,35,0.11336726243833034,1
42723.16923614088,850.0,71.01181891655872,41,0.02883360960980247,0
28697.24746608697,300.0,100.0,28,0.14265506259908012,1
43155.31809596108,850.0,100.0,17,0.03397483677192317,0
39530.45860692206,850.0,100.0,13,0.0782699560933872,0
43926.26385986388,850.0,92.02161932854786,18,0.04445037474569469,0
40800.92323386069,850.0,84.73153804841789,21,0.05748778473984164,0
29053.115806916372,300.0,100.0,18,0.15900523120871693,1
32577.780326051383,850.0,88.86797499699185,22,0.0418290747979776,0
42137.45669989154,850.0,99.06430337627981,19,0.036906695853576754,0
33688.61357099544,300.0,100.0,32,0.1273508546139006,1
29081.73232080158,300.0,100.0,25,0.12356650272837193,1
51817.77305686553,850.0,100.0,37,0.034785565473885005,0
45892.658967444964,850.0,74.53551587030705,27,0.019921382004628563,0
42626.09300953786,850.0,80.11141142900323,34,0.013971817561107464,0
34550.82776509832,300.0,100.0,10,0.13619485712969973,1
40883.15881319365,850.0,91.96776721019557,31,0.0509676911226067,0
34487.67113228677,300.0,100.0,40,0.13991230587097697,1
41030.84424396731,850.0,100.0,25,0.030838409204572564,0
35433.31987814202,850.0,97.9641274251292,23,0.011249023702402466,0
43736.870535649396,850.0,93.27695460692189,26,0.022363256734324127,0
41875.55527212017,850.0,100.0,28,0.0,0
34291.985803820455,300.0,100.0,26,0.14741025536693,1
29706.875453151886,300.0,100.0,30,0.10968350414298692,1
29843.170904706174,300.0,100.0,39,0.16103929933146344,1
45220.04298461895,850.0,100.0,36,0.03809142927691385,0
25593.528053088903,300.0,100.0,26,0.16189755574221626,1
44712.251031753025,850.0,100.0,36,0.021944930290283465,0
24841.425534383114,300.0,96.59153415299025,29,0.12911867470419772,1
24939.3480660261,300.0,100.0,27,0.14417147212415765,1
46834.96453321206,850.0,86.70537871462398,43,0.013299175612140113,0
42565.97881538109,850.0,93.65534174570841,40,0.02151426540161927,0
42040.137582080824,850.0,85.8511419853927,29,0.05776573762301995,0
43549.01801934192,850.0,82.60801948848467,10,0.026913664760285644,0
40340.13006902263,850.0,100.0,29,0.024657939730588774,0
43653.933111350416,850.0,100.0,28,0.03706070083742065,0
40661.67570230207,300.0,100.0,34,0.1434606885840518,1
26940.265310162988,300.0,100.0,43,0.12816952568032816,1
33515.459992385324,300.0,100.0,21,0.15043235388127513,1
39980.98525677943,850.0,100.0,30,0.020707845468598524,0
27030.054642260693,300.0,100.0,19,0.11383687458558922,1
31207.146604146434,300.0,100.0,36,0.15470688082429362,1
39371.06194943869,850.0,99.36745011422073,24,0.023945440577672478,0
29139.039186400994,300.0,100.0,40,0.15480577117627015,1
31942.991714195166,300.0,100.0,19,0.13937997591269963,1
26333.48603814365,300.0,97.1019037654579,26,0.1252326975539806,1
39425.17942903725,850.0,94.19292763974894,23,0.02638294046369241,0
29202.136975144098,300.0,100.0,32,0.144805612197074,1
39747.13720202586,850.0,100.0,26,0.06356335128746986,0
37448.04715107278,850.0,94.060315693231,25,0.03360400147627912,0
47358.44559306881,850.0,100.0,26,0.03524063220716392,0
25644.22964756252,300.0,100.0,30,0.11031735068364282,1
25998.516437356408,300.0,100.0,34,0.13445335496631708,1
48874.77374329148,850.0,100.0,39,0.032533591952908864,0
37492.05611654264,300.0,100.0,28,0.12714644863555621,1
26233.96955893801,300.0,96.95779705371125,27,0.14398531790801106,1
45817.09555394397,850.0,93.63903831699082,30,0.03641745366891237,0
33798.36549674888,300.0,100.0,28,0.13435190629047805,1
39720.57701737798,850.0,82.55028967061745,19,0.016565629293827308,0
21096.05219320537,300.0,100.0,27,0.13791876452149088,1
36902.23738612093,850.0,67.11747136944348,28,0.04002848618575595,0
36526.686212445136,300.0,100.0,29,0.12592269928327154,1
28764.909119772485,300.0,100.0,24,0.16188060894540618,1
40105.250338837635,850.0,100.0,26,0.01826209162784051,0
34231.780962663994,300.0,100.0,40,0.12230706203044533,1
47531.99725025901,850.0,100.0,22,0.030850445825373732,0
30708.085815440227,300.0,100.0,35,0.1838343322262974,1
39717.341825556876,850.0,84.01763041259669,51,0.04987392179953911,0
37712.7079505402,850.0,78.08613361271568,31,0.0018086762302906567,0
30070.555625303692,300.0,100.0,38,0.13598001057272607,1
29133.75044348431,354.6430939954476,100.0,41,0.15656739716119622,1
31358.563692980184,300.0,100.0,40,0.14944827509947578,1
33955.89604960445,314.7168201334439,99.44547947141766,16,0.16967899318978583,1
32887.68372707053,300.0,100.0,37,0.15539823837908404,1
25118.160194108717,300.0,100.0,40,0.12051229041674602,1
30012.458076989376,300.0,100.0,26,0.1392240820770205,1
30020.880062912252,300.0,100.0,40,0.12294637805793826,1
45439.01263878757,850.0,72.28539039674641,24,0.019666592841677835,0
40611.81390578701,850.0,81.94240446912185,22,0.03636054631173559,0
40865.77572721201,850.0,100.0,33,0.03195033339620171,0
35894.20086649369,300.0,100.0,27,0.1537483046000999,1
47466.05641964475,850.0,92.77992354300288,34,0.05970195711191554,0
30966.04863687333,300.0,100.0,48,0.15937836523715168,1
41621.3653723451,850.0,94.48555155661799,41,0.009436092737713925,0
46123.691626053915,850.0,100.0,41,0.014365555994821089,0
46630.528717272806,850.0,88.55794305449541,37,0.020638572730345917,0
43435.31672914575,850.0,93.08424436928266,34,0.042566343739196884,0
45224.95043062566,850.0,100.0,23,0.026565542450719085,0
33997.28385548042,300.0,100.0,21,0.15496822807175673,1
31490.294765830688,300.0,100.0,14,0.14012810105559007,1
42291.69635294221,850.0,98.32035458594285,24,0.04381338132331817,0
36667.58308200701,850.0,91.36201787292909,42,0.02730985781803323,0
39651.05537079679,850.0,100.0,25,0.04068984417432012,0
22417.064401728752,300.0,100.0,25,0.13807496575104453,1
20992.6557477019,300.0,100.0,44,0.13438802599280697,1
29590.061778637046,300.0,100.0,32,0.14069945598137834,1
40581.56645391039,850.0,76.23203069676686,22,0.01614161658720628,0
29686.733579654196,300.0,100.0,29,0.11564649600753521,1
30604.28799533188,300.0,99.67200729809835,40,0.1324516509621331,1
39465.758745916275,850.0,100.0,26,0.050418973514514,0
29362.74390548083,300.0,100.0,24,0.15784428769795822,1
32414.862025438913,300.0,100.0,27,0.14803926594483766,1
33236.13558551978,300.0,100.0,25,0.16368003592146566,1
47107.23080995698,850.0,90.34406141365106,22,0.03755771407238922,0
30412.78126476133,300.0,100.0,31,0.1121084700054018,1
29800.975148097412,300.0,100.0,35,0.13869405611745889,1
28754.435690364364,300.0,100.0,38,0.121931227657738,1
31766.349233728757,300.0,100.0,33,0.11030911028017806,1
31112.935018341228,300.0,100.0,10,0.1416651481581665,1
35606.95371527632,850.0,88.12091617389432,49,0.022740014108626472,0
30081.87452805282,324.02344012299267,100.0,24,0.14721474395488007,1
46749.314402678974,850.0,82.92256829205564,33,0.011400229983177662,0
36703.02726607315,300.0,100.0,35,0.14991011684699446,1
27826.977039077785,300.0,100.0,31,0.1498928051365414,1
27871.119710698153,300.0,100.0,21,0.15501998090004576,1
43415.87449957756,850.0,100.0,22,0.03834909462883059,0
21166.95636770383,300.0,94.55140452369038,29,0.12108978997671693,1
28518.638508443226,300.0,100.0,35,0.1486145802887003,1
30941.905666262854,850.0,100.0,35,0.030914822392471383,0
40140.191148610334,850.0,88.87243270851297,36,0.03613499473338257,0
23783.93405880227,315.27187480388636,100.0,35,0.1294284803251478,1
44821.144176117785,850.0,100.0,32,0.021003357264809938,0
42257.70602820284,850.0,79.02331802439286,41,0.04436416244712238,0
25400.506629412914,307.11319554565756,100.0,27,0.14674958307655342,1
52326.52033032128,850.0,83.80296072956938,25,0.0,0
35440.9507748523,850.0,100.0,20,0.03560709707098675,0
24713.31365429823,300.0,100.0,28,0.12890000662992282,1
47314.43925453544,850.0,100.0,29,0.020577626584830366,0
26694.06941973792,300.0,100.0,26,0.12573090175336007,1
22107.618104209432,300.0,100.0,37,0.1485517699202119,1
27162.43892914021,300.0,100.0,19,0.12683961867195387,1
31421.427736721304,300.0,100.0,17,0.11470612809119074,1
45470.8133849332,850.0,70.51168743042206,24,0.049115369134197895,0
25557.434746501425,300.0,100.0,29,0.14983930997252656,1
30077.25250079074,300.0,100.0,30,0.1120869523576383,1
43026.82876137194,850.0,97.05282505786782,42,0.021863987662470524,0
31910.14398800097,300.0,100.0,35,0.1883081685748667,1
45241.56080890049,850.0,100.0,25,0.04332459506270448,0
49647.67991535412,850.0,81.5279031204364,13,0.021619301873144772,0
31805.328424187577,300.0,100.0,39,0.15260189710090613,1
29788.720117658046,300.0,100.0,27,0.13667279876400273,1
27238.750474992128,300.0,100.0,25,0.16659479432356206,1
41063.64599348755,850.0,77.64267235273525,34,0.04443872402333844,0
41844.25380414347,850.0,80.80019945539806,34,0.015402494640882475,0
37652.66557242103,850.0,100.0,16,0.03599850547727197,0
40640.743722671235,850.0,97.98720515900953,34,0.06085033685621959,0
41281.45138127095,850.0,100.0,23,0.015140340617570622,0
37089.477322478735,850.0,100.0,29,0.04625672155686767,0
47815.64436288313,850.0,100.0,32,0.03411949261214735,0
43963.09257215779,850.0,89.21117479460166,28,0.014608703478396878,0
42183.78457117328,850.0,100.0,33,0.05540939712436701,0
51753.7692674359,850.0,96.76208021237238,40,0.030009107219801587,0
48623.34133434211,850.0,92.66324776893534,34,0.035872480406640345,0
27065.54110081319,300.0,85.91031885379219,25,0.1484171462475261,1
49116.83870460828,850.0,87.01534783963808,32,0.03861418088272839,0
42190.7380552939,850.0,92.1886622092794,17,0.02972863368656606,0
27684.235481951506,300.0,100.0,33,0.1449488633962219,1
32765.22028011358,300.0,100.0,28,0.14102490624479463,1
49189.5056911596,850.0,96.07827894705447,24,0.0,0
32653.08938946949,300.0,100.0,33,0.11858093371110251,1
26646.978269144332,300.0,100.0,24,0.13093190759656845,1
30293.886301474977,300.0,100.0,23,0.16859539083447878,1
33981.109405110954,300.0,100.0,23,0.1427866615037538,1
50416.95121210669,850.0,77.48552904725534,36,0.06303607104367681,0
41433.2017449027,850.0,100.0,38,0.027170397730164844,0
45244.11736209094,850.0,91.75559177257117,32,0.012437024442707764,0
35789.53090533322,300.0,100.0,32,0.16040715507562134,1
21831.648664270073,300.0,100.0,31,0.13675349293107453,1
27615.021596333634,300.0,100.0,20,0.13969969533643625,1
38015.177296884445,300.0,97.89748358547811,26,0.11198219899095203,1
38478.6923307323,850.0,100.0,27,0.05710818585698838,0
23542.85715798698,300.0,100.0,29,0.14800217043865654,1
33965.55911900621,300.0,100.0,27,0.14359343506078845,1
22863.452040408218,300.0,100.0,31,0.15588410922370133,1
39561.191631166665,850.0,100.0,36,0.04073130511371685,0
44982.55350942513,850.0,76.72124487702862,21,0.02662535752316729,0
37863.56642136033,850.0,100.0,34,0.02780646660573982,0
47779.24445912897,850.0,100.0,43,0.027469265861301204,0
38876.04310091561,850.0,82.09885923840034,30,0.05557390496553071,0
46029.08066307445,850.0,100.0,37,0.02623410234073746,0
18118.396641453935,300.0,100.0,32,0.11237108979289359,1
38302.4132167108,300.0,100.0,39,0.12891977589722306,1
40553.797947916806,850.0,98.09784452034748,19,0.044992162107115354,0
26517.571438928167,300.0,100.0,29,0.1484356292413261,1
40367.751724938236,850.0,95.69497967909325,33,0.032356056454391144,0
26670.166645525303,300.0,100.0,29,0.14075365501418596,1
26174.07198713882,300.0,99.29681962637532,24,0.1513994706318593,1
35438.506708317684,300.0,100.0,30,0.15189836175368535,1
27528.687619902474,300.0,100.0,18,0.16082860920921,1
54179.981144653524,850.0,69.98734697494375,35,0.03692110386172898,0
23562.28694158624,300.0,100.0,25,0.14372925605339,1
21495.306925944984,300.0,100.0,24,0.1479804246271243,1
38945.461635702966,850.0,82.65590963006238,23,0.030196053737746975,0
27043.149183055823,300.0,100.0,38,0.14290617858309376,1
40725.61144740622,850.0,98.80739807802898,29,0.03775780063468255,0
23260.15745616686,300.0,100.0,26,0.14428076715322957,1
35117.505234092874,300.0,100.0,11,0.12712954350636096,1
43037.50117146369,850.0,96.63247407600304,21,0.00960296484957289,0
45130.35386895714,850.0,100.0,33,0.04720384843232461,0
39166.745035250526,850.0,99.40732632074516,38,0.015966400803811356,0
51921.15518209107,850.0,91.02368608196268,25,0.042366607660986356,0
46595.88166700292,850.0,100.0,8,0.06252934866019821,0
48959.4659238023,850.0,84.44535953022387,34,0.02815804729784241,0
39253.54043917189,850.0,85.44328888652396,31,0.03188730568704451,0
30508.898120706588,300.0,100.0,22,0.15138155918656396,1
31629.845873895738,300.0,100.0,40,0.13640498122484146,1
24052.510172825383,300.0,100.0,41,0.15492707507041997,1
36727.038539650355,850.0,100.0,29,0.04142623854907668,0
35708.26384181027,850.0,92.30793481606597,9,0.030389305090720117,0
35215.18571048832,850.0,100.0,30,0.01503755641954771,0
24008.12512732508,300.0,100.0,24,0.11855074361247146,1
37347.65810082829,850.0,95.26232406424911,34,0.015125869592884963,0
34643.6951263403,850.0,79.60373994288886,20,0.04861612989916509,0
26050.805647103374,300.0,100.0,35,0.16217255771915978,1
31610.753332636727,300.0,100.0,23,0.16729511981947748,1
43973.886604633015,850.0,88.7485423794598,27,0.0165222723517527,0
30226.35735446303,337.49183481374894,91.74488518870164,35,0.13989248182782313,1
25189.528830359264,300.0,100.0,34,0.11482651818019743,1
31226.14922872172,300.0,100.0,31,0.12532262107148795,1
24500.857774430846,300.0,100.0,25,0.12711569719442936,1
34053.8434862254,850.0,96.67506405012429,42,0.03610763869494975,0
46499.56682709174,850.0,100.0,24,0.03538864052184433,0
44007.59101751665,850.0,100.0,29,0.05300673924584706,0
42518.45590542989,850.0,100.0,31,0.022200474931105385,0
23084.44341030548,300.0,100.0,32,0.1289372061828167,1
36754.87292129256,300.0,100.0,29,0.14188476863987579,1
48123.309695922595,850.0,93.59571369986062,26,0.052908396353793304,0
45040.10113951097,850.0,69.32555685231323,17,0.03192500228840804,0
37942.96558708337,850.0,100.0,28,0.0,0
43356.90362514384,850.0,74.11538276672644,31,0.044548190022838864,0
26836.936854359265,300.0,100.0,38,0.13597000468533416,1
37090.933351683416,850.0,100.0,25,0.02919347058839354,0
42734.346363848745,850.0,100.0,34,0.04744949673611646,0
38321.56130059849,850.0,91.56398132411091,38,0.05402346886732408,0
29444.356944004852,300.0,100.0,44,0.14396492148290696,1
18603.30156655969,300.0,100.0,34,0.14803730927636774,1
44996.54464657732,850.0,100.0,27,0.04880059765228693,0
24006.171254265533,300.0,100.0,25,0.10853102470272306,1
27624.144380771842,300.0,100.0,39,0.15346331139192187,1
31926.95365776748,300.0,100.0,29,0.13802198672888286,1
39540.20556661557,850.0,100.0,14,0.03400054281002872,0
36338.1241101741,850.0,86.46905569533189,33,0.03149094474972358,0
39665.44680771063,850.0,93.53855235083081,31,0.044254744048818614,0
28535.494100432334,300.0,100.0,25,0.14229285619420884,1
36367.789010036424,850.0,95.86416612781875,17,0.04867481840534488,0
30390.15498623919,300.0,100.0,32,0.15119441808885564,1
34385.42321005695,300.0,100.0,44,0.14235414053201245,1
30543.042993073195,850.0,100.0,14,0.02606341417728207,0
32770.31954482845,300.0,100.0,28,0.1516443376305777,1
34552.22452432302,300.0,100.0,31,0.1483527963784846,1
23279.83657223606,300.0,100.0,34,0.14984777308896957,1
28924.864705105156,300.0,100.0,34,0.12185753676001032,1
29070.842494372475,300.0,100.0,41,0.1515884229937352,1
43348.720007076234,850.0,90.57101156594773,38,0.04541662502033017,0
29296.22587359214,300.0,100.0,30,0.15358443380339265,1
45701.34728192358,850.0,97.51021006857763,42,0.010502206215263932,0
24084.619329707282,300.0,100.0,32,0.12833578526734576,1
43387.993492244255,850.0,75.0649827183159,25,0.014980508034271381,0
26729.62240684519,300.0,100.0,21,0.16892267417833634,1
33303.721624935366,300.0,100.0,27,0.13843951083024145,1
43645.439077049334,850.0,86.32443784321023,29,0.04879466337737778,0
46540.11391572963,850.0,81.25282779163194,34,0.06206616013416279,0
43524.443733900116,850.0,100.0,36,0.0012976934499154824,0
49570.946889777384,850.0,100.0,34,0.03400286493583268,0
36518.50306050801,850.0,100.0,24,0.06499026516865195,0
44513.31148765466,850.0,100.0,38,0.012789610861432418,0
42842.685082581156,850.0,88.63946161077544,40,0.06568719994277605,0
52690.52499096153,850.0,100.0,26,0.018456062546515425,0
36896.425290399195,850.0,98.87020098082877,30,0.03380385305404343,0
35405.15441453745,850.0,100.0,22,0.02783423083853194,0
32851.7968324678,300.0,100.0,19,0.13409348335592455,1
29620.77352680994,300.0,89.53188914521795,25,0.14478377094340117,1
37328.885023554576,850.0,79.2036074670007,32,0.01988959033819694,0
38242.843175851856,850.0,93.49139628068896,27,0.0011457926223859966,0
26082.89766580799,300.0,100.0,24,0.12159535645555561,1
22084.461032906096,300.0,100.0,34,0.14229797377633757,1
30368.64503948073,300.0,92.48610997632485,38,0.136570694478993,1
33781.745362636895,300.0,100.0,28,0.1428570041169806,1
36508.49239636834,300.0,100.0,29,0.12954001834642068,1
36461.202479201995,300.0,100.0,26,0.12827590313578424,1
41956.977827204966,850.0,72.48237348036551,25,0.031282383584260054,0
28325.572882583787,300.0,100.0,52,0.14712674054132366,1
39737.208188916804,850.0,96.05576742779778,22,0.02363210427006404,0
41656.89835136029,850.0,100.0,40,0.022197374602406728,0
30793.015741767096,300.0,100.0,31,0.14607317965991096,1
23072.639387163697,300.0,100.0,18,0.09913218158755056,1
26977.67671415449,300.0,100.0,43,0.14189054002096066,1
20579.71283199835,300.0,95.96554077417971,35,0.14019763484257905,1
28473.523084186156,300.0,100.0,17,0.1490351003658346,1
45377.08594597659,850.0,91.782114837986,31,0.03494448334414864,0
28680.90151812203,300.0,100.0,31,0.13024028452589526,1
39017.31808787317,850.0,99.91200935032882,41,0.016228417477405443,0
27948.78763239637,300.0,100.0,33,0.15071727445744415,1
39806.317964653725,850.0,100.0,23,0.03756464375544866,0
30132.94824924305,300.0,100.0,23,0.15057293883300987,1
42299.11901808857,850.0,100.0,34,0.007557845733723562,0
40043.48856944962,850.0,99.33646718874624,22,0.03732751942420438,0
26425.271221503386,300.0,100.0,27,0.12053101027152946,1
38862.15941934446,850.0,100.0,44,0.033822395280964895,0
41486.45475120186,850.0,63.231758727162735,31,0.04276670599679181,0
31112.891578586106,300.0,100.0,36,0.1459161272449479,1
41048.56910721514,850.0,98.52454206687958,47,0.03710349567940288,0
33748.577283323066,300.0,100.0,34,0.12505946813125357,1
31419.260857413145,300.0,100.0,26,0.16243958223233582,1
31793.759553696615,300.0,100.0,29,0.1257379060545843,1
37099.744602046005,850.0,100.0,46,0.04077449461009866,0
46508.18405223664,850.0,83.0309049810517,13,0.020416428299851005,0
27971.49867212097,340.08734864411366,100.0,19,0.13314290549664495,1
42357.32272597778,850.0,85.97809139594514,26,0.02334240211946842,0
44674.59265636738,850.0,100.0,28,0.02558141597524334,0
33064.430840721834,300.0,100.0,22,0.16116713453823048,1
31622.201141200534,300.0,100.0,28,0.12621897744422073,1
26810.895559705907,300.0,100.0,22,0.14152519492101817,1
43911.42583448317,850.0,100.0,29,0.039491077404744515,0
31490.00459087826,300.0,100.0,24,0.14212463700263128,1
52112.623744595134,850.0,100.0,30,0.033004197989261214,0
30236.461751387782,300.0,100.0,41,0.14834405202692702,1
43747.20255279939,850.0,100.0,26,0.04427318755034597,0
48044.68095229311,850.0,100.0,42,0.03481502578081583,0
27329.456357331666,300.0,100.0,26,0.13544311645246906,1
37862.66274483744,850.0,77.68204063280827,42,0.00975160741907781,0
45375.877267617005,850.0,97.74249858110974,28,0.028934628833684625,0
44726.207268091806,850.0,88.25868136627068,23,0.021891014114720567,0
28404.730855616977,300.0,100.0,32,0.12298810692698472,1
40473.08746049925,850.0,100.0,22,0.04424781689007221,0
31098.12615032418,300.0,100.0,41,0.13462743202243665,1
39581.195074574745,300.0,100.0,34,0.14454674153250846,1
44142.56356101264,850.0,97.69763517437451,28,0.04872045901338442,0
46133.200492844626,850.0,96.7138459867724,34,0.026549726739585458,0
28066.15738287056,300.0,100.0,26,0.13306702163562772,1
41249.95913437451,850.0,100.0,20,0.043649714356674925,0
37962.563579825124,850.0,88.70058486520723,28,0.016288487469359625,0
15825.325691550257,300.0,100.0,21,0.12683142154839513,1
39494.368039384004,850.0,84.5109772857905,29,0.03877853727319416,0
38532.12499061034,850.0,100.0,44,0.010225214481200187,0
43771.528462601105,850.0,94.38415724022279,35,0.043106058896770494,0
36150.76078049264,300.0,100.0,26,0.11935366558534406,1
47080.68849699333,850.0,100.0,25,0.018930744837152694,0
34894.67379740834,300.0,100.0,27,0.16547324664847685,1
30401.17787153724,300.0,100.0,23,0.15483562849306265,1
47539.633259316506,850.0,69.80330133917779,39,0.017617743575548017,0
22472.594876326966,300.0,100.0,28,0.11326436299146495,1
41522.32105611713,850.0,94.42993385589645,30,0.02783088836136613,0
30694.267443558532,300.0,100.0,21,0.121617590237542,1
27679.964113436246,300.0,100.0,26,0.12431212916943733,1
31267.97209700519,300.0,100.0,20,0.1458296543134362,1
37111.541393429834,850.0,81.77856330887118,35,0.048582661773598365,0
31387.386578053585,300.0,100.0,27,0.1371016193520967,1
47235.317321664894,850.0,78.6499106722944,14,0.027162625571818935,0
30407.577613593203,300.0,100.0,20,0.1480977659205979,1
24444.934872940757,300.0,100.0,18,0.16546210023191937,1
24928.724688359478,300.0,100.0,19,0.12700268786596358,1
45888.60535220366,850.0,57.533153980107365,25,0.03708078816952551,0
30928.349259546572,300.0,100.0,29,0.1358403722330579,1
34891.13774950889,300.0,100.0,48,0.1455861452238788,1
47615.10979615934,850.0,100.0,23,0.0522456427525288,0
30369.19967567353,300.0,100.0,39,0.14642630144819935,1
43908.69242772806,850.0,68.27120131759484,30,0.028801736154987698,0
36134.33129720573,850.0,100.0,20,0.057525640818252774,0
25615.395348347807,300.0,100.0,36,0.1447315531695088,1
39746.68997732673,850.0,100.0,39,0.05462639603939009,0
26018.49217374943,300.0,100.0,42,0.1500577284618244,1
39960.04923808461,850.0,100.0,35,0.03807032108076559,0
21320.98162607607,300.0,100.0,33,0.15766108738396684,1
43377.3528410591,850.0,100.0,38,0.04078468141892507,0
29717.861600864322,300.0,100.0,30,0.10932876239007139,1
29284.924679705568,300.0,100.0,43,0.12830457367637252,1
24956.423263772427,364.7249429471921,100.0,35,0.13185461814868332,1
38695.96362781622,850.0,66.90343952164099,45,0.014655602602662049,0
36086.89324371172,300.0,100.0,37,0.1262970786958046,1
33722.73183606024,300.0,100.0,28,0.15751586165783907,1
41844.898890277254,850.0,96.40670774512998,34,0.009545905846484182,0
33103.724795365,850.0,99.56405037032029,29,0.023029941786353064,0
37493.04054150423,850.0,97.28706487249835,29,0.030841851781837265,0
26534.868642791884,300.0,100.0,11,0.1607689963505319,1
43570.19652143,850.0,100.0,17,0.0187762727167836,0
30520.563135667475,300.0,100.0,30,0.1327754407823695,1
44125.20004114778,850.0,93.04679862670324,27,0.03091243400017131,0
38645.0650868999,850.0,100.0,42,0.03712380103583203,0
34896.935265847475,850.0,100.0,41,0.012688495010288472,0
39585.71604014236,850.0,100.0,28,0.042000097220710034,0
46255.197250112236,850.0,92.81480687473561,27,0.02532735585282997,0
43348.14067940934,850.0,76.59845069397042,25,0.030648176132761135,0
45148.80166833554,850.0,100.0,31,0.03276674464776545,0
39783.61125472936,850.0,100.0,37,0.032483500226962655,0
35068.112769535735,850.0,100.0,40,0.0396623648892727,0
44740.61645067205,850.0,84.50569587834585,29,0.015675093252196695,0
44917.2482615055,850.0,97.00766373033926,24,0.021260214325223084,0
26728.89143221476,300.0,100.0,23,0.1315978222121758,1
29968.69378568747,300.0,100.0,12,0.1722455603531273,1
46890.35182230392,850.0,58.907702639177415,47,0.01036014108703337,0
39344.18227068876,300.0,100.0,18,0.1637685319509832,1
35114.56738008243,300.0,100.0,24,0.15406739273714826,1
36495.56991079881,850.0,100.0,31,0.029469003852663697,0
46353.17775656417,850.0,100.0,35,0.03894640239521168,0
42919.40250527326,850.0,71.35770914546043,33,0.02126437170429961,0
45662.92403999005,850.0,100.0,24,0.05821783458214955,0
40085.15196659438,850.0,92.27301290500635,12,0.008475862155509023,0
30352.10764173456,300.0,100.0,24,0.13815664618150533,1
35098.92954116772,300.0,100.0,36,0.15988743623552293,1
36652.67882042151,850.0,100.0,40,0.03653792832027221,0
30819.734939758488,300.0,87.35588609029168,36,0.14153111115448805,1
46478.29998090329,850.0,68.7059704287096,22,0.008755789262136118,0
53556.996637025535,850.0,100.0,29,0.013673557524194316,0
30190.868356687035,300.0,100.0,51,0.11658552667603617,1
42683.81980278309,850.0,100.0,21,0.0290680358131679,0
33347.53156880374,300.0,100.0,27,0.16196326634662883,1
24511.47887374075,300.0,100.0,35,0.16361262844838814,1
